{
  "model_type": "LGBMClassifier",
  "accuracy": 0.745,
  "precision": 0.8089887640449438,
  "recall": 0.8944099378881988,
  "f1_score": 0.8495575221238938,
  "auc": 0.48176461219939476,
  "test_samples": 200,
  "target_variable": "Recruiter_Decision",
  "task_type": "classification",
  "positive_class": "Hire",
  "class_distribution": {
    "Hire": 161,
    "Reject": 39
  },
  "fairness": {
    "Gender": {
      "demographic_parity_max_gap": 0.06220622062206227,
      "topk_min_over_max": 0.8015873015873015,
      "equal_opportunity_max_gap": 0.0,
      "rank_ordering_max_gap": 7.210721072107219,
      "score_distribution_overlap": 0.5770049680624556
    },
    "Race": {
      "demographic_parity_max_gap": 0.0492030492030493,
      "topk_min_over_max": 0.609009009009009,
      "equal_opportunity_max_gap": 0.0,
      "rank_ordering_max_gap": 25.179487179487168,
      "score_distribution_overlap": null
    },
    "Age_Group": {
      "demographic_parity_max_gap": 0.01012187564552769,
      "topk_min_over_max": 0.0,
      "equal_opportunity_max_gap": 0.0,
      "rank_ordering_max_gap": 3.540384218136751,
      "score_distribution_overlap": 0.5590982286634458
    },
    "Disability_Status": {
      "demographic_parity_max_gap": 0.11702127659574468,
      "topk_min_over_max": 0.7340425531914894,
      "equal_opportunity_max_gap": 0.0,
      "rank_ordering_max_gap": 24.468085106382972,
      "score_distribution_overlap": 0.42604298356510745
    }
  }
}